Model,Accuracy,Precision,Recall,F1-Score,ROC-AUC
Random Forest,0.8784313725490196,0.2,0.21052631578947367,0.20512820512820512,0.7580285459411239
Gradient Boosting,0.8549019607843137,0.2,0.3157894736842105,0.24489795918367346,0.725914362176628
XGBoost,0.8274509803921568,0.1951219512195122,0.42105263157894735,0.26666666666666666,0.7477698483496877
LightGBM,0.8313725490196079,0.14705882352941177,0.2631578947368421,0.18867924528301888,0.7357270294380018
Logistic Regression,0.6627450980392157,0.0963855421686747,0.42105263157894735,0.1568627450980392,0.6086083853702051
Support Vector Machine,0.7803921568627451,0.13725490196078433,0.3684210526315789,0.2,0.6688224799286351
